co2_constraint,line_volume_limit
-192.304630443,-298.505621998
