co2_constraint,line_volume_limit
-225.994328572,-578.619358452
