co2_constraint,line_volume_limit
-177.061471751,-123.252656605
