co2_constraint,line_volume_limit
-319.966549754,-3545.90091319
