co2_constraint,line_volume_limit
-176.487353777,-106.151844162
