co2_constraint,line_volume_limit
-206.825527144,-403.571704512
