co2_constraint,line_volume_limit
-183.892368826,-215.056197307
