co2_constraint,line_volume_limit
-178.787045598,-142.178360868
