co2_constraint,line_volume_limit
-180.654496242,-168.968704097
