snapshots,AT onwind,AT solar,BA onwind,BA solar,BE onwind,BE offwind,BE solar,BG onwind,BG offwind,BG solar,CH onwind,CH solar,CZ onwind,CZ solar,DE onwind,DE offwind,DE solar,DK onwind,DK offwind,DK solar,EE onwind,EE offwind,EE solar,ES onwind,ES offwind,ES solar,FI onwind,FI offwind,FI solar,FR onwind,FR offwind,FR solar,GB onwind,GB offwind,GB solar,GR onwind,GR offwind,GR solar,HR onwind,HR offwind,HR solar,HU onwind,HU solar,IE onwind,IE offwind,IE solar,IT onwind,IT offwind,IT solar,LT onwind,LT offwind,LT solar,LU onwind,LU solar,LV onwind,LV solar,NL onwind,NL offwind,NL solar,NO onwind,NO offwind,NO solar,PL onwind,PL offwind,PL solar,PT onwind,PT offwind,PT solar,RO onwind,RO offwind,RO solar,RS onwind,RS solar,SE onwind,SE offwind,SE solar,SI onwind,SI solar,SK onwind,SK solar
2011-01-01,0.038440988340872395,0.0,0.0010708932510380248,0.0,0.05194184694073737,0.21269940305732898,0.0,0.03581539185402654,0.05373870419188592,0.0,0.00748875239131018,0.0,0.23121579927063535,0.0,0.5351435670885372,0.9999999999999994,0.0,0.9817620232361824,0.934017705891771,0.0,0.6852400685408547,0.9999990283939401,0.0,0.004740747392285889,0.08095139227316087,0.0,0.29261449625521707,0.6147654774600082,0.0,0.05734160027508586,0.18520039423460993,0.0,0.22713467472671148,0.5627110600845631,0.0,0.009808593957337314,0.2667324810449025,0.0,0.004118877936010224,0.07848635515181165,0.0,0.005952603801647813,0.0,0.02139177338221106,0.22790521893899154,0.0,0.026632824515175547,0.07812869895990512,0.0,0.8365339438209809,1.0000000000000002,0.0,0.0,0.0,0.7940983645517707,0.0,0.43510437096384724,0.8859549111188333,0.0,0.5035565930711453,0.452669861226809,0.0,0.6662260303719538,0.342037699917576,0.0,0.01811081046289777,0.11279319027130337,0.0,0.05629236460335048,0.5227991245915807,0.0,0.013956459960655209,0.0,0.6090631560404093,0.6005850844493695,0.0,0.0031164379707006346,0.0,0.016491600185660964,0.0
